"ID","MONTH","MARKET","CLIENT_ID","FIRST_ITER_SCS_CNT","FIRST_ITER_FAIL_CNT","NEXT_ITER_SCS_CNT","NEXT_ITER_FAIL_CNT","OVERALL_SCS_CNT","OVERALL_FAIL_CNT","SCS_PERCENT","IS_ACTIVE","CREAT_DT","CREAT_USER_ID","LAST_UPDT_DT","LAST_UPDT_USER_ID"
2461,"01-2026",SC,"3",17202,312,19740,312,19740,312,98.44,1,2026-02-03 02:10:02.000,SYSTEM,2026-02-05 02:50:55.539,SYSTEM
2462,"01-2026",TN,"3",1465208,52768,1507146,61663,1530010,68853,95.69,1,2026-02-03 02:10:02.000,SYSTEM,2026-02-05 02:50:55.551,SYSTEM
2459,"01-2026",NY,"3",19774869,458984,20462115,462011,20467887,463440,97.78,1,2026-02-03 02:10:02.000,SYSTEM,2026-02-05 02:50:55.510,SYSTEM
2458,"01-2026",NV,"3",589497,9556,628838,10791,628838,10791,98.31,1,2026-02-03 02:10:02.000,SYSTEM,2026-02-05 02:50:55.497,SYSTEM
2457,"01-2026",NJ,"3",236499,8290,239698,8504,240503,8728,96.49,1,2026-02-03 02:10:02.000,SYSTEM,2026-02-05 02:50:55.483,SYSTEM
2456,"01-2026",NH,"3",291667,14258,325114,14379,325114,14379,95.76,1,2026-02-03 02:10:02.000,SYSTEM,2026-02-05 02:50:55.470,SYSTEM
2455,"01-2026",MO,"3",10516610,112005,12473240,152617,13444801,181741,98.66,1,2026-02-03 02:10:02.000,SYSTEM,2026-02-05 02:50:55.444,SYSTEM
2454,"01-2026",ME,"3",217353,11158,228701,12995,228701,12995,94.62,1,2026-02-03 02:10:02.000,SYSTEM,2026-02-05 02:50:55.429,SYSTEM
2453,"01-2026",MD,"3",89776,7000,93969,7115,94557,7115,93,1,2026-02-03 02:10:02.000,SYSTEM,2026-02-05 02:50:55.416,SYSTEM
2452,"01-2026",LA,"3",111727,8026,113825,8037,113918,8037,93.4,1,2026-02-03 02:10:02.000,SYSTEM,2026-02-05 02:50:55.403,SYSTEM
2451,"01-2026",KY,"3",2112995,38868,2614324,47252,2663195,47348,98.25,1,2026-02-03 02:10:02.000,SYSTEM,2026-02-05 02:50:55.388,SYSTEM
2450,"01-2026",KS,"3",1013068,206034,1242679,269831,1282681,280034,82.08,1,2026-02-03 02:10:02.000,SYSTEM,2026-02-05 02:50:55.374,SYSTEM
2449,"01-2026",IN,"3",12433773,509960,12822425,519496,12835434,521177,96.09,1,2026-02-03 02:10:02.000,SYSTEM,2026-02-05 02:50:55.360,SYSTEM
2448,"01-2026",IA,"3",1837757,15846,1858017,15860,1858017,15860,99.15,1,2026-02-03 02:10:02.000,SYSTEM,2026-02-05 02:50:55.346,SYSTEM
2447,"01-2026",GA,"3",2932104,91836,3048582,95016,3048728,95016,96.97,1,2026-02-03 02:10:02.000,SYSTEM,2026-02-05 02:50:55.331,SYSTEM
2446,"01-2026",FL,"3",709678,15174,876776,20211,877016,20211,97.74,1,2026-02-03 02:10:02.000,SYSTEM,2026-02-05 02:50:55.318,SYSTEM
2445,"01-2026",DC,"3",2421,82,2421,82,2421,82,96.72,1,2026-02-03 02:10:02.000,SYSTEM,2026-02-05 02:50:55.305,SYSTEM
2444,"01-2026",CT,"3",1587698,32921,1723390,41146,1723390,41146,97.66,1,2026-02-03 02:10:02.000,SYSTEM,2026-02-05 02:50:55.290,SYSTEM
2443,"01-2026",CO,"3",3473560,179257,3755164,201410,3885833,230937,94.39,1,2026-02-03 02:10:02.000,SYSTEM,2026-02-05 02:50:55.276,SYSTEM
2442,"01-2026",CA,"3",16892407,408276,17617725,426007,17662343,426072,97.64,1,2026-02-03 02:10:02.000,SYSTEM,2026-02-05 02:50:55.262,SYSTEM
2441,"01-2026",AR,"3",37023,2336,47125,3181,48157,3358,93.48,1,2026-02-03 02:10:02.000,SYSTEM,2026-02-05 02:50:55.237,SYSTEM
2469,"01-2026",NATIONAL,"3",994875,31309,1011256,31725,1019154,31785,96.97,1,2026-02-03 02:10:02.000,SYSTEM,2026-02-05 02:50:55.457,SYSTEM
2468,"01-2026",WNY,"3",48848,1565,48848,1565,48848,1565,96.89,1,2026-02-03 02:10:02.000,SYSTEM,2026-02-05 02:50:55.623,SYSTEM
2467,"01-2026",WV,"3",72033,2122,94632,3499,97954,3522,96.52,1,2026-02-03 02:10:02.000,SYSTEM,2026-02-05 02:50:55.638,SYSTEM
2466,"01-2026",WI,"3",19779950,154678,23417116,238966,25247149,287148,98.87,1,2026-02-03 02:10:02.000,SYSTEM,2026-02-05 02:50:55.610,SYSTEM
2465,"01-2026",WA,"3",2267605,23432,2310214,24149,2322127,24338,98.96,1,2026-02-03 02:10:02.000,SYSTEM,2026-02-05 02:50:55.596,SYSTEM
2464,"01-2026",VA,"3",5363088,369349,5448808,375215,5451802,377209,93.52,1,2026-02-03 02:10:02.000,SYSTEM,2026-02-05 02:50:55.583,SYSTEM
2463,"01-2026",TX,"3",5456003,87561,5722690,91881,5723251,91938,98.41,1,2026-02-03 02:10:02.000,SYSTEM,2026-02-05 02:50:55.568,SYSTEM
2460,"01-2026",OH,"3",11402398,38461,12585094,45528,12592922,46292,99.63,1,2026-02-03 02:10:02.000,SYSTEM,2026-02-05 02:50:55.524,SYSTEM
2244,"12-2025",OH,"3",10916001,146496,11228133,152444,12010846,153004,98.74,1,2026-01-02 02:54:46.000,SYSTEM,2026-01-06 09:44:16.425,SYSTEM
2243,"12-2025",NY,"3",17407088,617560,18008116,653229,19912274,661033,96.78,1,2026-01-02 02:54:46.000,SYSTEM,2026-01-06 09:44:16.413,SYSTEM
2242,"12-2025",NV,"3",665868,8563,699223,17404,856597,17419,98,1,2026-01-02 02:54:46.000,SYSTEM,2026-01-06 09:44:16.401,SYSTEM
2241,"12-2025",NJ,"3",437926,9455,449077,10663,476825,10783,97.78,1,2026-01-02 02:54:46.000,SYSTEM,2026-01-06 09:44:16.389,SYSTEM
2240,"12-2025",NH,"3",256421,12960,257207,16630,288055,18330,94.01,1,2026-01-02 02:54:46.000,SYSTEM,2026-01-06 09:44:16.375,SYSTEM
2239,"12-2025",MO,"3",14093789,208581,14239230,212767,14677399,215940,98.55,1,2026-01-02 02:54:46.000,SYSTEM,2026-01-06 09:44:16.348,SYSTEM
2238,"12-2025",ME,"3",424987,15976,426602,18752,430968,18752,95.83,1,2026-01-02 02:54:46.000,SYSTEM,2026-01-06 09:44:16.335,SYSTEM
2237,"12-2025",MD,"3",182517,5914,185069,5918,192656,5918,97.01,1,2026-01-02 02:54:46.000,SYSTEM,2026-01-06 09:44:16.323,SYSTEM
2236,"12-2025",LA,"3",48647,2964,49677,3625,53526,3670,93.58,1,2026-01-02 02:54:46.000,SYSTEM,2026-01-06 09:44:16.310,SYSTEM
2235,"12-2025",KY,"3",1584873,15822,1613832,15992,1668142,15992,99.05,1,2026-01-02 02:54:46.000,SYSTEM,2026-01-06 09:44:16.294,SYSTEM
2234,"12-2025",KS,"3",1193998,206620,1234510,441742,1625122,441742,78.62,1,2026-01-02 02:54:46.000,SYSTEM,2026-01-06 09:44:16.278,SYSTEM
2233,"12-2025",IN,"3",2994139,535538,3004987,537899,3038355,537997,84.95,1,2026-01-02 02:54:46.000,SYSTEM,2026-01-06 09:44:16.264,SYSTEM
2232,"12-2025",IA,"3",111790,2345,114694,2671,124006,2721,97.85,1,2026-01-02 02:54:46.000,SYSTEM,2026-01-06 09:44:16.252,SYSTEM
2231,"12-2025",GA,"3",3677440,75768,3715296,82115,3876068,83878,97.88,1,2026-01-02 02:54:46.000,SYSTEM,2026-01-06 09:44:16.239,SYSTEM
2230,"12-2025",FL,"3",810636,16635,834959,24012,909717,24012,97.42,1,2026-01-02 02:54:46.000,SYSTEM,2026-01-06 09:44:16.226,SYSTEM
2229,"12-2025",DC,"3",2532,1720,2533,2990,2803,2990,48.38,1,2026-01-02 02:54:46.000,SYSTEM,2026-01-06 09:44:16.212,SYSTEM
2228,"12-2025",CT,"3",1527021,38904,1750733,41939,2237203,41979,98.15,1,2026-01-02 02:54:46.000,SYSTEM,2026-01-06 09:44:16.195,SYSTEM
2227,"12-2025",CO,"3",19160188,770519,20269554,825391,23989558,871854,96.49,1,2026-01-02 02:54:46.000,SYSTEM,2026-01-06 09:44:16.181,SYSTEM
2226,"12-2025",CA,"3",10678268,256926,10813554,281639,11385880,282350,97.58,1,2026-01-02 02:54:46.000,SYSTEM,2026-01-06 09:44:16.166,SYSTEM
2225,"12-2025",AZ,"3",8449,98,8452,116,8456,116,98.64,1,2026-01-02 02:54:46.000,SYSTEM,2026-01-06 09:44:16.153,SYSTEM
2224,"12-2025",AR,"3",61655,4451,68596,5714,88377,5918,93.72,1,2026-01-02 02:54:46.000,SYSTEM,2026-01-06 09:44:16.137,SYSTEM
2252,"12-2025",NATIONAL,"3",83195,17549,88688,18701,110415,18701,85.51,1,2026-01-02 02:54:46.000,SYSTEM,2026-01-06 09:44:16.360,SYSTEM
2251,"12-2025",WNY,"3",22085,210,22088,229,22097,229,98.97,1,2026-01-02 02:54:46.000,SYSTEM,2026-01-06 09:44:16.503,SYSTEM
2250,"12-2025",WV,"3",60483,2427,63021,2730,77703,2821,96.49,1,2026-01-02 02:54:46.000,SYSTEM,2026-01-06 09:44:16.515,SYSTEM
2249,"12-2025",WI,"3",23082441,379857,23182067,385072,23749578,387129,98.39,1,2026-01-02 02:54:46.000,SYSTEM,2026-01-06 09:44:16.491,SYSTEM
2248,"12-2025",WA,"3",1445347,8150,1446052,8164,1447777,8164,99.43,1,2026-01-02 02:54:46.000,SYSTEM,2026-01-06 09:44:16.476,SYSTEM
2245,"12-2025",TN,"3",548310,19336,553592,20705,568180,20745,96.47,1,2026-01-02 02:54:46.000,SYSTEM,2026-01-06 09:44:16.437,SYSTEM
2246,"12-2025",TX,"3",2275144,55273,2320669,57886,2428145,60692,97.56,1,2026-01-02 02:54:46.000,SYSTEM,2026-01-06 09:44:16.450,SYSTEM
2247,"12-2025",VA,"3",4558529,518762,4789979,552145,5353289,552145,90.65,1,2026-01-02 02:54:46.000,SYSTEM,2026-01-06 09:44:16.461,SYSTEM
2010,"11-2025",WI,"3",25322495,450980,30227122,521445,30266767,522549,98.3,1,2025-12-01 01:43:49.000,SYSTEM,2026-02-05 01:50:54.979,SYSTEM
2009,"11-2025",WA,"3",5504720,151196,5509416,152266,5512582,152509,97.3,1,2025-12-01 01:43:49.000,SYSTEM,2026-02-05 01:50:54.966,SYSTEM
2012,"11-2025",WNY,"3",26287,735,26545,735,26545,735,97.3,1,2025-12-01 01:43:49.000,SYSTEM,2026-02-05 01:50:54.992,SYSTEM
2013,"11-2025",NATIONAL,"3",50543,10865,55557,10994,55557,10994,83.48,1,2025-12-01 01:43:49.000,SYSTEM,2026-02-05 01:50:54.852,SYSTEM
1985,"11-2025",AR,"3",93393,3841,94961,3917,94961,3917,96.03,1,2025-12-01 01:43:49.000,SYSTEM,2026-02-05 01:50:54.651,SYSTEM
1986,"11-2025",AZ,"3",62318,3428,62465,3436,62465,3436,94.78,1,2025-12-01 01:43:49.000,SYSTEM,2026-02-05 01:50:54.665,SYSTEM
1987,"11-2025",CA,"3",13043347,479695,13563160,487239,13600841,489967,96.52,1,2025-12-01 01:43:49.000,SYSTEM,2026-02-05 01:50:54.678,SYSTEM
1988,"11-2025",CO,"3",22669492,703291,28293268,803887,28461410,812286,97.22,1,2025-12-01 01:43:49.000,SYSTEM,2026-02-05 01:50:54.691,SYSTEM
1989,"11-2025",CT,"3",4082678,41386,4128105,41576,4128105,41576,99,1,2025-12-01 01:43:49.000,SYSTEM,2026-02-05 01:50:54.703,SYSTEM
1990,"11-2025",DC,"3",16518,174,16518,174,16518,174,98.95,1,2025-12-01 01:43:49.000,SYSTEM,2026-02-05 01:50:54.715,SYSTEM
1991,"11-2025",FL,"3",1000660,16530,1033937,17372,1034501,17372,98.34,1,2025-12-01 01:43:49.000,SYSTEM,2026-02-05 01:50:54.727,SYSTEM
1992,"11-2025",GA,"3",4835217,204427,5469441,219018,5490454,221983,96.11,1,2025-12-01 01:43:49.000,SYSTEM,2026-02-05 01:50:54.740,SYSTEM
1993,"11-2025",IA,"3",231792,3599,350457,4444,456566,4556,99.01,1,2025-12-01 01:43:49.000,SYSTEM,2026-02-05 01:50:54.752,SYSTEM
1994,"11-2025",IN,"3",4253307,58225,6104768,77978,6106460,80424,98.7,1,2025-12-01 01:43:49.000,SYSTEM,2026-02-05 01:50:54.765,SYSTEM
1995,"11-2025",KS,"3",2571654,214787,2736688,229705,2736688,229705,92.25,1,2025-12-01 01:43:49.000,SYSTEM,2026-02-05 01:50:54.777,SYSTEM
1996,"11-2025",KY,"3",4705419,97309,4736442,99102,4736653,99102,97.95,1,2025-12-01 01:43:49.000,SYSTEM,2026-02-05 01:50:54.790,SYSTEM
1997,"11-2025",LA,"3",35359,2563,38323,2621,38731,2626,93.65,1,2025-12-01 01:43:49.000,SYSTEM,2026-02-05 01:50:54.803,SYSTEM
1998,"11-2025",MD,"3",477749,9692,598696,10379,598696,10379,98.29,1,2025-12-01 01:43:49.000,SYSTEM,2026-02-05 01:50:54.816,SYSTEM
1999,"11-2025",ME,"3",408944,10288,412339,10288,412339,10288,97.56,1,2025-12-01 01:43:49.000,SYSTEM,2026-02-05 01:50:54.828,SYSTEM
2000,"11-2025",MO,"3",4158778,146006,4604945,170684,4720557,180459,96.31,1,2025-12-01 01:43:49.000,SYSTEM,2026-02-05 01:50:54.840,SYSTEM
2001,"11-2025",NH,"3",943607,54542,1006368,55207,1010406,55225,94.81,1,2025-12-01 01:43:49.000,SYSTEM,2026-02-05 01:50:54.864,SYSTEM
2002,"11-2025",NJ,"3",448119,23418,520015,25642,523784,25922,95.28,1,2025-12-01 01:43:49.000,SYSTEM,2026-02-05 01:50:54.876,SYSTEM
2003,"11-2025",NV,"3",300833,8802,399093,9134,399093,9134,97.76,1,2025-12-01 01:43:49.000,SYSTEM,2026-02-05 01:50:54.888,SYSTEM
2004,"11-2025",NY,"3",23263736,294948,23745814,306069,23871006,306413,98.73,1,2025-12-01 01:43:49.000,SYSTEM,2026-02-05 01:50:54.901,SYSTEM
2005,"11-2025",OH,"3",14533058,698333,16484321,732575,16686888,739047,95.75,1,2025-12-01 01:43:49.000,SYSTEM,2026-02-05 01:50:54.915,SYSTEM
2006,"11-2025",TN,"3",643291,71270,760432,74933,808824,75269,91.48,1,2025-12-01 01:43:49.000,SYSTEM,2026-02-05 01:50:54.927,SYSTEM
2007,"11-2025",TX,"3",3628428,196543,3692097,198124,3693259,198514,94.89,1,2025-12-01 01:43:49.000,SYSTEM,2026-02-05 01:50:54.940,SYSTEM
2008,"11-2025",VA,"3",4649219,479320,4879160,489513,4887377,489513,90.89,1,2025-12-01 01:43:49.000,SYSTEM,2026-02-05 01:50:54.953,SYSTEM
2011,"11-2025",WV,"3",56462,11383,64949,11551,64949,11551,84.9,1,2025-12-01 01:43:49.000,SYSTEM,2026-02-05 01:50:55.005,SYSTEM
1765,"10-2025",AR,"3",88516,3134,91709,3247,92906,3247,96.6,1,2025-11-03 05:58:19.000,SYSTEM,2025-11-12 11:48:29.974,SYSTEM
1794,"10-2025",NATIONAL,"3",188082,18377,263477,20770,263752,20803,92.6,1,2025-11-03 05:58:19.000,SYSTEM,2025-11-12 11:48:31.095,SYSTEM
1767,"10-2025",CA,"3",8592609,339656,8839785,342695,8853758,343731,96.2,1,2025-11-03 05:58:19.000,SYSTEM,2025-11-12 11:48:30.918,SYSTEM
1768,"10-2025",CO,"3",13136925,558140,14364403,645417,15538852,687121,95.7,1,2025-11-03 05:58:19.000,SYSTEM,2025-11-12 11:48:30.931,SYSTEM
1769,"10-2025",CT,"3",3288945,105880,4056517,111832,4056736,111834,97.3,1,2025-11-03 05:58:19.000,SYSTEM,2025-11-12 11:48:30.944,SYSTEM
1770,"10-2025",DC,"3",38725,6227,68579,6865,68579,6865,90.9,1,2025-11-03 05:58:19.000,SYSTEM,2025-11-12 11:48:30.956,SYSTEM
1771,"10-2025",FL,"3",8051749,134811,8640851,145970,8683790,147111,98.3,1,2025-11-03 05:58:19.000,SYSTEM,2025-11-12 11:48:30.968,SYSTEM
1772,"10-2025",GA,"3",0,0,32,0,32,0,20,1,2025-11-03 05:58:19.000,SYSTEM,2025-12-01 01:43:49.000,SYSTEM
1773,"10-2025",IA,"3",247373,61784,289091,62895,289091,62895,82.1,1,2025-11-03 05:58:19.000,SYSTEM,2025-11-12 11:48:30.993,SYSTEM
1774,"10-2025",IN,"3",5852547,85963,6292771,98817,6375159,98991,98.4,1,2025-11-03 05:58:19.000,SYSTEM,2025-11-12 11:48:31.006,SYSTEM
1775,"10-2025",KS,"3",1027763,47488,1027805,47490,1027805,47490,95.5,1,2025-11-03 05:58:19.000,SYSTEM,2025-11-12 11:48:31.019,SYSTEM
1776,"10-2025",KY,"3",1842698,56595,2124790,58369,2127787,58426,97.3,1,2025-11-03 05:58:19.000,SYSTEM,2025-11-12 11:48:31.032,SYSTEM
1777,"10-2025",LA,"3",31303,957,32209,1073,32209,1073,96.7,1,2025-11-03 05:58:19.000,SYSTEM,2025-11-12 11:48:31.044,SYSTEM
1778,"10-2025",MD,"3",225620,14620,238744,14751,238746,14751,94.1,1,2025-11-03 05:58:19.000,SYSTEM,2025-11-12 11:48:31.057,SYSTEM
1779,"10-2025",ME,"3",363578,18737,438922,23503,441596,25309,94.5,1,2025-11-03 05:58:19.000,SYSTEM,2025-11-12 11:48:31.070,SYSTEM
1780,"10-2025",MO,"3",6777416,124417,9959470,214344,10355322,281477,97.3,1,2025-11-03 05:58:19.000,SYSTEM,2025-11-12 11:48:31.083,SYSTEM
1781,"10-2025",NE,"3",189192,268,189192,268,189192,268,99.8,1,2025-11-03 05:58:19.000,SYSTEM,2025-11-12 11:48:31.109,SYSTEM
1782,"10-2025",NH,"3",365111,61649,452538,61909,452538,61909,87.9,1,2025-11-03 05:58:19.000,SYSTEM,2025-11-12 11:48:31.122,SYSTEM
1783,"10-2025",NJ,"3",516850,109553,563827,134913,591347,157352,78.9,1,2025-11-03 05:58:19.000,SYSTEM,2025-11-12 11:48:31.137,SYSTEM
1784,"10-2025",NV,"3",412857,14153,464795,14704,486896,16175,96.7,1,2025-11-03 05:58:19.000,SYSTEM,2025-11-12 11:48:31.151,SYSTEM
1785,"10-2025",NY,"3",914,2575,914,2575,914,2575,26.2,1,2025-11-03 05:58:19.000,SYSTEM,2025-12-01 01:43:49.000,SYSTEM
1786,"10-2025",OH,"3",13984603,377665,18019386,493022,18256225,501266,97.3,1,2025-11-03 05:58:19.000,SYSTEM,2025-11-12 11:48:31.179,SYSTEM
1787,"10-2025",TN,"3",8,71,8,71,8,71,10.13,1,2025-11-03 05:58:19.000,SYSTEM,2025-12-01 01:43:49.000,SYSTEM
1788,"10-2025",TX,"3",2409175,75939,2481979,79469,2486714,79469,96.9,1,2025-11-03 05:58:19.000,SYSTEM,2025-11-12 11:48:31.208,SYSTEM
1789,"10-2025",VA,"3",4682384,410217,5247788,438178,5248250,438178,92.2,1,2025-11-03 05:58:19.000,SYSTEM,2025-11-12 11:48:31.223,SYSTEM
1790,"10-2025",WA,"3",14,62,14,62,14,62,18.42,1,2025-11-03 05:58:19.000,SYSTEM,2025-12-01 01:43:49.000,SYSTEM
1791,"10-2025",WI,"3",21430521,108869,25050140,240209,25894348,241756,99,1,2025-11-03 05:58:19.000,SYSTEM,2025-11-12 11:48:31.253,SYSTEM
1792,"10-2025",WV,"3",51528,3137,52643,3172,52643,3172,94.3,1,2025-11-03 05:58:19.000,SYSTEM,2025-11-12 11:48:31.285,SYSTEM
1793,"10-2025",WNY,"3",43458,4211,43458,4211,43458,4211,91.1,1,2025-11-03 05:58:19.000,SYSTEM,2025-11-12 11:48:31.269,SYSTEM
1766,"10-2025",AZ,"3",25720,2022,25720,2022,25720,2022,92.7,1,2025-11-03 05:58:19.000,SYSTEM,2025-11-12 11:48:30.906,SYSTEM
1546,"09-2025",AR,"3",17969,1068,25507,1068,52614,1068,97.34,1,2025-10-06 04:05:55.000,SYSTEM,2025-10-06 04:05:55.000,SYSTEM
1575,"09-2025",NATIONAL,"3",67854,15464,68187,15464,68187,15464,81.51,1,2025-10-06 04:05:55.000,SYSTEM,2025-10-06 04:05:55.000,SYSTEM
1548,"09-2025",CA,"3",8543386,895603,8738596,895603,9585847,895603,91.14,1,2025-10-06 04:05:55.000,SYSTEM,2025-10-06 04:05:55.000,SYSTEM
1549,"09-2025",CO,"3",13246436,726062,13788506,726062,14179257,726062,94.86,1,2025-10-06 04:05:55.000,SYSTEM,2025-10-06 04:05:55.000,SYSTEM
1550,"09-2025",CT,"3",763302,96693,915973,96693,915973,96693,90.21,1,2025-10-06 04:05:55.000,SYSTEM,2025-10-06 04:05:55.000,SYSTEM
1551,"09-2025",DC,"3",25062,1458,27846,1458,28041,1458,95,1,2025-10-06 04:05:55.000,SYSTEM,2025-10-06 04:05:55.000,SYSTEM
1552,"09-2025",FL,"3",0,0,18,0,18,0,13.95,1,2025-10-06 04:05:55.000,SYSTEM,2025-11-03 05:58:19.000,SYSTEM
1553,"09-2025",GA,"3",5898257,155312,6738555,155312,8049235,155312,97.68,1,2025-10-06 04:05:55.000,SYSTEM,2025-10-06 04:05:55.000,SYSTEM
1554,"09-2025",IA,"3",109597,3001,121071,3001,122497,3001,97.09,1,2025-10-06 04:05:55.000,SYSTEM,2025-10-06 04:05:55.000,SYSTEM
1555,"09-2025",IN,"3",5169616,135062,6509464,135062,7713542,135062,97.4,1,2025-10-06 04:05:55.000,SYSTEM,2025-10-06 04:05:55.000,SYSTEM
1556,"09-2025",KS,"3",444136,117265,444136,117265,444136,117265,79.11,1,2025-10-06 04:05:55.000,SYSTEM,2025-10-06 04:05:55.000,SYSTEM
1557,"09-2025",KY,"3",1947764,78698,2262251,78698,2301263,78698,95.8,1,2025-10-06 04:05:55.000,SYSTEM,2025-10-06 04:05:55.000,SYSTEM
1558,"09-2025",LA,"3",3,12,3,12,3,12,20,1,2025-10-06 04:05:55.000,SYSTEM,2025-11-03 05:58:19.000,SYSTEM
1559,"09-2025",MD,"3",93488,7913,97929,7913,97929,7913,92.35,1,2025-10-06 04:05:55.000,SYSTEM,2025-10-06 04:05:55.000,SYSTEM
1560,"09-2025",ME,"3",321066,15128,325356,15128,325980,15128,95.11,1,2025-10-06 04:05:55.000,SYSTEM,2025-10-06 04:05:55.000,SYSTEM
1561,"09-2025",MO,"3",10643668,127171,13248680,127171,13268409,127171,98.89,1,2025-10-06 04:05:55.000,SYSTEM,2025-10-06 04:05:55.000,SYSTEM
1562,"09-2025",NE,"3",15662,0,15662,0,15662,0,100,1,2025-10-06 04:05:55.000,SYSTEM,2025-10-06 04:05:55.000,SYSTEM
1563,"09-2025",NH,"3",316580,7620,326395,7620,326505,7620,97.37,1,2025-10-06 04:05:55.000,SYSTEM,2025-10-06 04:05:55.000,SYSTEM
1564,"09-2025",NJ,"3",74,152,74,152,74,152,32.74,1,2025-10-06 04:05:55.000,SYSTEM,2025-11-03 05:58:19.000,SYSTEM
1565,"09-2025",NV,"3",372046,18277,462713,18277,568465,18277,95.64,1,2025-10-06 04:05:55.000,SYSTEM,2025-10-06 04:05:55.000,SYSTEM
1566,"09-2025",NY,"3",1,8,1,8,1,8,11.11,1,2025-10-06 04:05:55.000,SYSTEM,2025-11-03 05:58:19.000,SYSTEM
1567,"09-2025",OH,"3",7849998,161885,9430165,161885,9728230,161885,97.71,1,2025-10-06 04:05:55.000,SYSTEM,2025-10-06 04:05:55.000,SYSTEM
1568,"09-2025",TN,"3",474056,15402,488812,15402,490895,15402,96.55,1,2025-10-06 04:05:55.000,SYSTEM,2025-10-06 04:05:55.000,SYSTEM
1569,"09-2025",TX,"3",2351526,287507,2999782,287507,3013322,287507,90.85,1,2025-10-06 04:05:55.000,SYSTEM,2025-10-06 04:05:55.000,SYSTEM
1570,"09-2025",VA,"3",3304961,191343,4360921,191343,4374031,191343,94.88,1,2025-10-06 04:05:55.000,SYSTEM,2025-10-06 04:05:55.000,SYSTEM
1571,"09-2025",WA,"3",1993780,27727,2025041,27727,2025054,27727,98.57,1,2025-10-06 04:05:55.000,SYSTEM,2025-10-06 04:05:55.000,SYSTEM
1572,"09-2025",WI,"3",23439325,287157,29619129,287157,31061599,287157,98.89,1,2025-10-06 04:05:55.000,SYSTEM,2025-10-06 04:05:55.000,SYSTEM
1573,"09-2025",WV,"3",38513,4013,44498,4013,44910,4013,91.1,1,2025-10-06 04:05:55.000,SYSTEM,2025-10-06 04:05:55.000,SYSTEM
1574,"09-2025",WNY,"3",30159,694,30159,694,30159,694,97.75,1,2025-10-06 04:05:55.000,SYSTEM,2025-10-06 04:05:55.000,SYSTEM
1547,"09-2025",AZ,"3",2,0,2,0,2,0,100,1,2025-10-06 04:05:55.000,SYSTEM,2025-10-06 04:05:55.000,SYSTEM
1321,"08-2025",AR,"3",93598,3841,168832,3841,370576,3841,96.79,1,2025-09-03 03:33:18.000,SYSTEM,2025-09-03 03:33:18.000,SYSTEM
1322,"08-2025",AZ,"3",15584,2488,15584,2488,15584,2488,86.23,1,2025-09-03 03:33:18.000,SYSTEM,2025-09-03 03:33:18.000,SYSTEM
1323,"08-2025",CA,"3",13178286,433507,15127666,433507,15410713,433507,97.14,1,2025-09-03 03:33:18.000,SYSTEM,2025-09-03 03:33:18.000,SYSTEM
1324,"08-2025",CO,"3",7344417,357905,8249077,357905,8438353,357905,95.4,1,2025-09-03 03:33:18.000,SYSTEM,2025-09-03 03:33:18.000,SYSTEM
1325,"08-2025",CT,"3",1125493,36121,1848282,36121,1848282,36121,97.53,1,2025-09-03 03:33:18.000,SYSTEM,2025-09-03 03:33:18.000,SYSTEM
1326,"08-2025",DC,"3",45230,481,51446,481,51446,481,98.59,1,2025-09-03 03:33:18.000,SYSTEM,2025-09-03 03:33:18.000,SYSTEM
1327,"08-2025",FL,"3",13,124,13,124,13,124,9.49,1,2025-09-03 03:33:18.000,SYSTEM,2025-10-06 04:05:55.000,SYSTEM
1328,"08-2025",GA,"3",27,3952,27,3952,27,3952,0.68,1,2025-09-03 03:33:18.000,SYSTEM,2025-10-06 04:05:55.000,SYSTEM
1329,"08-2025",IA,"3",400827,3313,406559,3313,409603,3313,99.15,1,2025-09-03 03:33:18.000,SYSTEM,2025-09-03 03:33:18.000,SYSTEM
1330,"08-2025",IN,"3",897,0,897,0,897,0,100,1,2025-09-03 03:33:18.000,SYSTEM,2025-10-06 04:05:55.000,SYSTEM
1331,"08-2025",KS,"3",36083,474,36083,474,36083,474,98.7,1,2025-09-03 03:33:18.000,SYSTEM,2025-09-03 03:33:18.000,SYSTEM
1332,"08-2025",KY,"3",2423893,139613,2685448,139613,2782127,139613,94.06,1,2025-09-03 03:33:18.000,SYSTEM,2025-09-03 03:33:18.000,SYSTEM
1333,"08-2025",LA,"3",38800,5925,52930,5925,59622,5925,90.33,1,2025-09-03 03:33:18.000,SYSTEM,2025-09-03 03:33:18.000,SYSTEM
1334,"08-2025",MD,"3",410699,4707,411415,4707,411415,4707,98.87,1,2025-09-03 03:33:18.000,SYSTEM,2025-09-03 03:33:18.000,SYSTEM
1335,"08-2025",ME,"3",440666,19976,456090,19976,602894,19976,95.67,1,2025-09-03 03:33:18.000,SYSTEM,2025-09-03 03:33:18.000,SYSTEM
1336,"08-2025",MO,"3",4711945,87225,5267179,87225,5273158,87225,97.73,1,2025-09-03 03:33:18.000,SYSTEM,2025-09-03 03:33:18.000,SYSTEM
1337,"08-2025",NE,"3",5062,14,5062,14,5062,14,99.72,1,2025-09-03 03:33:18.000,SYSTEM,2025-09-03 03:33:18.000,SYSTEM
1338,"08-2025",NH,"3",0,24,0,24,0,24,0,1,2025-09-03 03:33:18.000,SYSTEM,2025-10-06 04:05:55.000,SYSTEM
1339,"08-2025",NJ,"3",403827,17586,494035,17586,556495,17586,96.17,1,2025-09-03 03:33:18.000,SYSTEM,2025-09-03 03:33:18.000,SYSTEM
1340,"08-2025",NV,"3",460063,5011,495703,5011,512161,5011,98.88,1,2025-09-03 03:33:18.000,SYSTEM,2025-09-03 03:33:18.000,SYSTEM
1341,"08-2025",NY,"3",5882350,207000,6661462,207000,6693643,207000,96.69,1,2025-09-03 03:33:18.000,SYSTEM,2025-09-03 03:33:18.000,SYSTEM
1342,"08-2025",OH,"3",4364248,126423,4684050,126423,4793206,126423,96.61,1,2025-09-03 03:33:18.000,SYSTEM,2025-09-03 03:33:18.000,SYSTEM
1343,"08-2025",TN,"3",764082,14139,778597,14139,784660,14139,98.17,1,2025-09-03 03:33:18.000,SYSTEM,2025-09-03 03:33:18.000,SYSTEM
1344,"08-2025",TX,"3",0,0,0,0,15,0,13.16,1,2025-09-03 03:33:18.000,SYSTEM,2025-10-06 04:05:55.000,SYSTEM
1345,"08-2025",VA,"3",5751202,780716,6694874,780716,6824788,780716,87.19,1,2025-09-03 03:33:18.000,SYSTEM,2025-09-03 03:33:18.000,SYSTEM
1346,"08-2025",WA,"3",2191943,14406,2193162,14406,2193162,14406,99.35,1,2025-09-03 03:33:18.000,SYSTEM,2025-09-03 03:33:18.000,SYSTEM
1347,"08-2025",WI,"3",19795807,197217,21508750,197217,21568290,197217,98.87,1,2025-09-03 03:33:18.000,SYSTEM,2025-09-03 03:33:18.000,SYSTEM
1348,"08-2025",WV,"3",54121,5028,79960,5028,79960,5028,94.08,1,2025-09-03 03:33:18.000,SYSTEM,2025-09-03 03:33:18.000,SYSTEM
1349,"08-2025",WNY,"3",22223,1062,23544,1062,23544,1062,95.57,1,2025-09-03 03:33:18.000,SYSTEM,2025-09-03 03:33:18.000,SYSTEM
1350,"08-2025",NATIONAL,"3",196796,9852,238999,9852,238999,9852,95.3,1,2025-09-03 03:33:18.000,SYSTEM,2025-09-03 03:33:18.000,SYSTEM
1137,"07-2025",WNY,"3",46478,2664,60329,2664,60702,2664,95.74,1,2025-08-01 06:12:37.000,SYSTEM,2025-08-01 06:12:37.000,SYSTEM
1138,"07-2025",NATIONAL,"3",133859,19767,146346,19767,147114,19767,85.86,1,2025-08-01 06:12:37.000,SYSTEM,2025-08-01 06:12:37.000,SYSTEM
1135,"07-2025",WI,"3",21627622,280826,26704310,280826,27262252,280826,98.58,1,2025-08-01 06:12:37.000,SYSTEM,2025-08-01 06:12:37.000,SYSTEM
1134,"07-2025",WA,"3",2075030,25663,2362715,25663,2364204,25663,98.83,1,2025-08-01 06:12:37.000,SYSTEM,2025-08-01 06:12:37.000,SYSTEM
1133,"07-2025",VA,"3",3495677,192348,3674678,192348,3736208,192348,94.99,1,2025-08-01 06:12:37.000,SYSTEM,2025-08-01 06:12:37.000,SYSTEM
1132,"07-2025",TX,"3",2147637,97179,2285972,97179,2559497,97179,95.83,1,2025-08-01 06:12:37.000,SYSTEM,2025-08-01 06:12:37.000,SYSTEM
1131,"07-2025",TN,"3",652689,174062,924285,174062,968413,174062,84.17,1,2025-08-01 06:12:37.000,SYSTEM,2025-08-01 06:12:37.000,SYSTEM
1130,"07-2025",OH,"3",4194075,179599,5233939,179599,5579647,179599,95.41,1,2025-08-01 06:12:37.000,SYSTEM,2025-08-01 06:12:37.000,SYSTEM
1129,"07-2025",NY,"3",23394886,776053,27399496,776053,27816082,776053,96.68,1,2025-08-01 06:12:37.000,SYSTEM,2025-08-01 06:12:37.000,SYSTEM
1128,"07-2025",NV,"3",444772,14817,641660,14817,655167,14817,97.46,1,2025-08-01 06:12:37.000,SYSTEM,2025-08-01 06:12:37.000,SYSTEM
1127,"07-2025",NJ,"3",443174,23850,482799,23850,501657,23850,95.19,1,2025-08-01 06:12:37.000,SYSTEM,2025-08-01 06:12:37.000,SYSTEM
1126,"07-2025",NH,"3",336064,9067,378206,9067,381298,9067,97.46,1,2025-08-01 06:12:37.000,SYSTEM,2025-08-01 06:12:37.000,SYSTEM
1125,"07-2025",NE,"3",2631,9,2631,9,2631,9,99.66,1,2025-08-01 06:12:37.000,SYSTEM,2025-08-01 06:12:37.000,SYSTEM
1124,"07-2025",MO,"3",1069012,33884,1277820,33884,1657105,33884,94.45,1,2025-08-01 06:12:37.000,SYSTEM,2025-08-01 06:12:37.000,SYSTEM
1123,"07-2025",ME,"3",761554,19270,911468,19270,912778,19270,97.1,1,2025-08-01 06:12:37.000,SYSTEM,2025-08-01 06:12:37.000,SYSTEM
1122,"07-2025",MD,"3",78871,4837,81638,4837,83120,4837,94.32,1,2025-08-01 06:12:37.000,SYSTEM,2025-08-01 06:12:37.000,SYSTEM
1121,"07-2025",LA,"3",28950,2105,34780,2105,44083,2105,92.14,1,2025-08-01 06:12:37.000,SYSTEM,2025-08-01 06:12:37.000,SYSTEM
1120,"07-2025",KY,"3",1141920,43388,1242881,43388,1249749,43388,96.57,1,2025-08-01 06:12:37.000,SYSTEM,2025-08-01 06:12:37.000,SYSTEM
1119,"07-2025",KS,"3",88250,3441,88250,3441,89287,3441,96.27,1,2025-08-01 06:12:37.000,SYSTEM,2025-08-01 06:12:37.000,SYSTEM
1118,"07-2025",IN,"3",4501588,196070,5242059,196070,5424404,196070,95.43,1,2025-08-01 06:12:37.000,SYSTEM,2025-08-01 06:12:37.000,SYSTEM
1117,"07-2025",IA,"3",233695,31921,432912,31921,455628,31921,92.96,1,2025-08-01 06:12:37.000,SYSTEM,2025-08-01 06:12:37.000,SYSTEM
1116,"07-2025",GA,"3",5339269,158576,5898873,158576,6007496,158576,97.1,1,2025-08-01 06:12:37.000,SYSTEM,2025-08-01 06:12:37.000,SYSTEM
1115,"07-2025",FL,"3",312109,37097,365630,37097,385203,37097,90.61,1,2025-08-01 06:12:37.000,SYSTEM,2025-08-01 06:12:37.000,SYSTEM
1114,"07-2025",DC,"3",5211,337,5518,337,5747,337,90.59,1,2025-08-01 06:12:37.000,SYSTEM,2025-08-01 06:12:37.000,SYSTEM
1113,"07-2025",CT,"3",4248258,132457,4273070,132457,4280580,132457,96.99,1,2025-08-01 06:12:37.000,SYSTEM,2025-08-01 06:12:37.000,SYSTEM
1112,"07-2025",CO,"3",9911245,306320,10777563,306320,11194019,306320,96.87,1,2025-08-01 06:12:37.000,SYSTEM,2025-08-01 06:12:37.000,SYSTEM
1111,"07-2025",CA,"3",10387727,2134051,11442315,2134051,12880388,2134051,85.32,1,2025-08-01 06:12:37.000,SYSTEM,2025-08-01 06:12:37.000,SYSTEM
1110,"07-2025",AZ,"3",137811,15215,153185,15215,153185,15215,89.65,1,2025-08-01 06:12:37.000,SYSTEM,2025-08-01 06:12:37.000,SYSTEM
1109,"07-2025",AR,"3",184345,11870,245670,11870,246668,11870,93.69,1,2025-08-01 06:12:37.000,SYSTEM,2025-08-01 06:12:37.000,SYSTEM
1136,"07-2025",WV,"3",10410,1030,10912,1030,12113,1030,91.16,1,2025-08-01 06:12:37.000,SYSTEM,2025-08-01 06:12:37.000,SYSTEM
901,"06-2025",NM,"3",0,2,5,2,5,2,71,1,2025-07-07 09:59:58.000,SYSTEM,2025-07-07 09:59:58.000,SYSTEM
900,"06-2025",NJ,"3",343884,8322,376148,9083,386237,9191,98,1,2025-07-07 09:59:58.000,SYSTEM,2025-08-01 06:12:37.000,SYSTEM
899,"06-2025",NH,"3",273708,8588,284907,8703,284907,8703,97,1,2025-07-07 09:59:58.000,SYSTEM,2025-07-07 09:59:58.000,SYSTEM
898,"06-2025",NE,"3",9986,11,9986,11,9986,11,100,1,2025-07-07 09:59:58.000,SYSTEM,2025-07-07 09:59:58.000,SYSTEM
897,"06-2025",NATIONAL,"3",277381,6881,293598,7733,293598,7733,97,1,2025-07-07 09:59:58.000,SYSTEM,2025-07-07 09:59:58.000,SYSTEM
896,"06-2025",MO,"3",4960916,153771,5542058,237838,5542058,237838,96,1,2025-07-07 09:59:58.000,SYSTEM,2025-08-01 06:12:37.000,SYSTEM
895,"06-2025",ME,"3",308910,25962,333831,26758,333831,26758,93,1,2025-07-07 09:59:58.000,SYSTEM,2025-07-07 09:59:58.000,SYSTEM
894,"06-2025",MD,"3",278864,5296,285359,5592,285359,5592,98,1,2025-07-07 09:59:58.000,SYSTEM,2025-07-07 09:59:58.000,SYSTEM
893,"06-2025",LA,"3",147169,2827,184327,3382,194509,4052,98,1,2025-07-07 09:59:58.000,SYSTEM,2025-07-07 09:59:58.000,SYSTEM
892,"06-2025",KY,"3",1112480,60062,1126688,64462,1126688,64462,95,1,2025-07-07 09:59:58.000,SYSTEM,2025-07-07 09:59:58.000,SYSTEM
891,"06-2025",KS,"3",102549,2483,102549,2483,102549,2483,98,1,2025-07-07 09:59:58.000,SYSTEM,2025-07-07 09:59:58.000,SYSTEM
890,"06-2025",IN,"3",2790430,83575,2878969,111424,2947643,137716,96,1,2025-07-07 09:59:58.000,SYSTEM,2025-07-07 09:59:58.000,SYSTEM
889,"06-2025",IA,"3",237047,28855,258973,29152,260980,29202,90,1,2025-07-07 09:59:58.000,SYSTEM,2025-07-07 09:59:58.000,SYSTEM
888,"06-2025",GA,"3",2334573,117775,2431905,118973,2431905,118973,95,1,2025-07-07 09:59:58.000,SYSTEM,2025-08-01 06:12:37.000,SYSTEM
887,"06-2025",FL,"3",649317,82486,803547,84694,804278,84709,90,1,2025-07-07 09:59:58.000,SYSTEM,2025-07-07 09:59:58.000,SYSTEM
886,"06-2025",DC,"3",14029,146,22728,161,22728,161,99,1,2025-07-07 09:59:58.000,SYSTEM,2025-08-01 06:12:37.000,SYSTEM
885,"06-2025",CT,"3",7118262,169124,7779790,185471,7779790,185471,98,1,2025-07-07 09:59:58.000,SYSTEM,2025-07-07 09:59:58.000,SYSTEM
884,"06-2025",CO,"3",2926744,159146,3644623,224478,3680515,224574,94,1,2025-07-07 09:59:58.000,SYSTEM,2025-07-07 09:59:58.000,SYSTEM
883,"06-2025",CA,"3",6990236,117767,8724059,130050,8976288,132596,99,1,2025-07-07 09:59:58.000,SYSTEM,2025-08-01 06:12:37.000,SYSTEM
882,"06-2025",AZ,"3",32822,5164,32822,5164,32822,5164,86,1,2025-07-07 09:59:58.000,SYSTEM,2025-07-07 09:59:58.000,SYSTEM
881,"06-2025",AR,"3",26098,6201,40984,11767,85210,13050,87,1,2025-07-07 09:59:58.000,SYSTEM,2025-07-07 09:59:58.000,SYSTEM
911,"06-2025",WV,"3",22807,3742,22807,3742,22807,3742,86,1,2025-07-07 09:59:58.000,SYSTEM,2025-07-07 09:59:58.000,SYSTEM
910,"06-2025",WNY,"3",8947,770,8947,770,8947,770,92,1,2025-07-07 09:59:58.000,SYSTEM,2025-07-07 09:59:58.000,SYSTEM
909,"06-2025",WI,"3",18232750,654377,23518457,691178,23809808,692949,97,1,2025-07-07 09:59:58.000,SYSTEM,2025-08-01 06:12:37.000,SYSTEM
908,"06-2025",WA,"3",2099406,63801,2336346,64294,2336346,64294,97,1,2025-07-07 09:59:58.000,SYSTEM,2025-08-01 06:12:37.000,SYSTEM
907,"06-2025",VA,"3",1506404,123544,1576481,125930,1580379,125930,93,1,2025-07-07 09:59:58.000,SYSTEM,2025-07-07 09:59:58.000,SYSTEM
906,"06-2025",TX,"3",751543,40219,793590,44261,796580,44757,95,1,2025-07-07 09:59:58.000,SYSTEM,2025-07-07 09:59:58.000,SYSTEM
905,"06-2025",TN,"3",778356,9995,785823,16159,786827,16159,98,1,2025-07-07 09:59:58.000,SYSTEM,2025-07-07 09:59:58.000,SYSTEM
902,"06-2025",NV,"3",443343,13379,481290,13485,481530,13514,97,1,2025-07-07 09:59:58.000,SYSTEM,2025-07-07 09:59:58.000,SYSTEM
903,"06-2025",NY,"3",8754193,486528,9061903,498580,9064938,498783,95,1,2025-07-07 09:59:58.000,SYSTEM,2025-07-07 09:59:58.000,SYSTEM
904,"06-2025",OH,"3",5360294,416846,6145930,423849,6583201,423910,94,1,2025-07-07 09:59:58.000,SYSTEM,2025-08-01 06:12:37.000,SYSTEM
661,"04-2025",AR,"3",33302,4095,48091,4553,48856,4584,91,1,2025-07-01 08:12:21.000,SYSTEM,2025-07-01 08:12:21.000,SYSTEM
662,"04-2025",AZ,"3",601,37,653,44,653,44,94,1,2025-07-01 08:12:21.000,SYSTEM,2025-07-01 08:12:21.000,SYSTEM
663,"04-2025",CA,"3",16365672,996942,18187067,1026855,18777100,1046932,95,1,2025-07-01 08:12:21.000,SYSTEM,2025-07-01 08:12:21.000,SYSTEM
664,"04-2025",CO,"3",15745524,585469,22682037,844547,26540209,1006609,96,1,2025-07-01 08:12:21.000,SYSTEM,2025-07-01 08:12:21.000,SYSTEM
665,"04-2025",CT,"3",1935616,47580,1955968,48193,1955968,48193,98,1,2025-07-01 08:12:21.000,SYSTEM,2025-07-01 08:12:21.000,SYSTEM
666,"04-2025",DC,"3",7379,112,9137,128,9137,128,99,1,2025-07-01 08:12:21.000,SYSTEM,2025-07-01 08:12:21.000,SYSTEM
667,"04-2025",FL,"3",730319,16024,748990,16543,750991,16700,98,1,2025-07-01 08:12:21.000,SYSTEM,2025-07-01 08:12:21.000,SYSTEM
668,"04-2025",GA,"3",4437382,162345,4980080,195897,4985100,195924,96,1,2025-07-01 08:12:21.000,SYSTEM,2025-07-01 08:12:21.000,SYSTEM
669,"04-2025",IA,"3",390813,9200,396793,9912,397204,9938,98,1,2025-07-01 08:12:21.000,SYSTEM,2025-07-01 08:12:21.000,SYSTEM
670,"04-2025",IN,"3",3743893,1566475,5758766,1603541,6082049,1612728,79,1,2025-07-01 08:12:21.000,SYSTEM,2025-07-01 08:12:21.000,SYSTEM
671,"04-2025",KS,"3",44395,2157,44395,2157,44395,2157,95,1,2025-07-01 08:12:21.000,SYSTEM,2025-07-01 08:12:21.000,SYSTEM
672,"04-2025",KY,"3",1792536,154870,1839031,213173,1841306,213179,90,1,2025-07-01 08:12:21.000,SYSTEM,2025-07-01 08:12:21.000,SYSTEM
673,"04-2025",LA,"3",105485,2812,111677,3072,113284,3109,97,1,2025-07-01 08:12:21.000,SYSTEM,2025-07-01 08:12:21.000,SYSTEM
674,"04-2025",MD,"3",153291,11685,189652,14294,189652,14294,93,1,2025-07-01 08:12:21.000,SYSTEM,2025-07-01 08:12:21.000,SYSTEM
675,"04-2025",ME,"3",247201,8628,248317,13423,257384,17277,94,1,2025-07-01 08:12:21.000,SYSTEM,2025-07-01 08:12:21.000,SYSTEM
676,"04-2025",MO,"3",10262140,494609,11824173,514622,11855737,514968,96,1,2025-07-01 08:12:21.000,SYSTEM,2025-07-01 08:12:21.000,SYSTEM
677,"04-2025",NATIONAL,"3",103655,11824,117966,12229,130581,12798,91,1,2025-07-01 08:12:21.000,SYSTEM,2025-07-01 08:12:21.000,SYSTEM
678,"04-2025",NE,"3",10616,2074,12699,2074,12699,2074,86,1,2025-07-01 08:12:21.000,SYSTEM,2025-07-01 08:12:21.000,SYSTEM
679,"04-2025",NH,"3",459209,37024,566764,56793,627736,56793,92,1,2025-07-01 08:12:21.000,SYSTEM,2025-07-01 08:12:21.000,SYSTEM
680,"04-2025",NJ,"3",599251,138540,965905,141305,965905,141305,87,1,2025-07-01 08:12:21.000,SYSTEM,2025-07-01 08:12:21.000,SYSTEM
681,"04-2025",NV,"3",709857,27749,805454,32572,816919,33549,96,1,2025-07-01 08:12:21.000,SYSTEM,2025-07-01 08:12:21.000,SYSTEM
682,"04-2025",NY,"3",6147704,186441,6944365,198553,6944530,198553,97,1,2025-07-01 08:12:21.000,SYSTEM,2025-07-01 08:12:21.000,SYSTEM
683,"04-2025",OH,"3",3654376,334955,4409571,358928,4435359,361349,92,1,2025-07-01 08:12:21.000,SYSTEM,2025-07-01 08:12:21.000,SYSTEM
684,"04-2025",TN,"3",453126,18486,455977,19275,457241,19452,96,1,2025-07-01 08:12:21.000,SYSTEM,2025-07-01 08:12:21.000,SYSTEM
685,"04-2025",TX,"3",2054898,38899,2128623,43306,2135865,43491,98,1,2025-07-01 08:12:21.000,SYSTEM,2025-07-01 08:12:21.000,SYSTEM
686,"04-2025",VA,"3",2352142,83710,2553394,105392,2555109,106295,96,1,2025-07-01 08:12:21.000,SYSTEM,2025-07-01 08:12:21.000,SYSTEM
687,"04-2025",WA,"3",994597,23563,1297238,25552,1297238,25552,98,1,2025-07-01 08:12:21.000,SYSTEM,2025-07-01 08:12:21.000,SYSTEM
688,"04-2025",WI,"3",26187229,272262,36614069,386282,40807315,414331,99,1,2025-07-01 08:12:21.000,SYSTEM,2025-07-01 08:12:21.000,SYSTEM
689,"04-2025",WNY,"3",55932,3297,56043,3297,56043,3297,94,1,2025-07-01 08:12:21.000,SYSTEM,2025-07-01 08:12:21.000,SYSTEM
690,"04-2025",WV,"3",16648,2296,16648,2296,16648,2296,88,1,2025-07-01 08:12:21.000,SYSTEM,2025-07-01 08:12:21.000,SYSTEM
304,"05-2025",TN,"3",434150,38403,451571,38853,456985,39119,92,1,2025-06-29 09:30:27.000,SYSTEM,2025-06-29 09:30:27.000,SYSTEM
305,"05-2025",TX,"3",939948,66973,1067536,97464,1079332,97587,92,1,2025-06-29 09:30:27.000,SYSTEM,2025-06-29 09:30:27.000,SYSTEM
306,"05-2025",VA,"3",3392903,290477,5430906,513044,5503276,528599,91,1,2025-06-29 09:30:27.000,SYSTEM,2025-06-29 09:30:27.000,SYSTEM
310,"05-2025",WV,"3",57521,5166,58140,5186,58140,5186,92,1,2025-06-29 09:30:27.000,SYSTEM,2025-06-29 09:30:27.000,SYSTEM
308,"05-2025",WI,"3",15574701,157769,15954916,192929,16033528,192930,99,1,2025-06-29 09:30:27.000,SYSTEM,2025-06-29 09:30:27.000,SYSTEM
309,"05-2025",WNY,"3",22993,256,23379,264,23379,264,99,1,2025-06-29 09:30:27.000,SYSTEM,2025-06-29 09:30:27.000,SYSTEM
307,"05-2025",WA,"3",878425,37964,937272,38805,938085,39185,96,1,2025-06-29 09:30:27.000,SYSTEM,2025-06-29 09:30:27.000,SYSTEM
286,"05-2025",DC,"3",74736,2945,113767,5551,113943,5587,95,1,2025-06-29 09:30:26.000,SYSTEM,2025-06-29 09:30:26.000,SYSTEM
287,"05-2025",FL,"3",695639,65158,777558,70231,812371,70341,92,1,2025-06-29 09:30:26.000,SYSTEM,2025-06-29 09:30:26.000,SYSTEM
288,"05-2025",GA,"3",2906407,80154,3102386,81894,3169591,82745,97,1,2025-06-29 09:30:26.000,SYSTEM,2025-06-29 09:30:26.000,SYSTEM
289,"05-2025",IA,"3",1337721,10203,1349982,10418,1355647,10516,99,1,2025-06-29 09:30:26.000,SYSTEM,2025-06-29 09:30:26.000,SYSTEM
290,"05-2025",IN,"3",2133272,135332,2169701,151393,2183133,154332,93,1,2025-06-29 09:30:26.000,SYSTEM,2025-06-29 09:30:26.000,SYSTEM
291,"05-2025",KS,"3",83718,5140,83718,5140,83718,5140,94,1,2025-06-29 09:30:26.000,SYSTEM,2025-06-29 09:30:26.000,SYSTEM
292,"05-2025",KY,"3",1454819,144184,1604791,530402,1604917,530402,75,1,2025-06-29 09:30:26.000,SYSTEM,2025-06-29 09:30:26.000,SYSTEM
293,"05-2025",LA,"3",149253,13313,262704,15982,423321,16939,96,1,2025-06-29 09:30:26.000,SYSTEM,2025-06-29 09:30:26.000,SYSTEM
294,"05-2025",MD,"3",317190,9520,318364,9554,318364,9554,97,1,2025-06-29 09:30:26.000,SYSTEM,2025-06-29 09:30:26.000,SYSTEM
295,"05-2025",ME,"3",168801,5114,182902,5114,182902,5114,97,1,2025-06-29 09:30:26.000,SYSTEM,2025-06-29 09:30:26.000,SYSTEM
296,"05-2025",MO,"3",14600908,207838,18287021,241878,18287021,241878,99,1,2025-06-29 09:30:26.000,SYSTEM,2025-06-29 09:30:26.000,SYSTEM
297,"05-2025",NATIONAL,"3",362290,42071,386664,46085,386664,46085,89,1,2025-06-29 09:30:26.000,SYSTEM,2025-06-29 09:30:26.000,SYSTEM
298,"05-2025",NE,"3",274919,619,274961,641,274961,641,100,1,2025-06-29 09:30:26.000,SYSTEM,2025-06-29 09:30:26.000,SYSTEM
299,"05-2025",NH,"3",467902,20133,469048,20201,469048,20201,96,1,2025-06-29 09:30:26.000,SYSTEM,2025-06-29 09:30:26.000,SYSTEM
300,"05-2025",NJ,"3",1017107,286703,1031482,288252,1040421,290171,78,1,2025-06-29 09:30:26.000,SYSTEM,2025-06-29 09:30:26.000,SYSTEM
301,"05-2025",NV,"3",841987,28374,1200588,29830,1200630,29830,98,1,2025-06-29 09:30:26.000,SYSTEM,2025-06-29 09:30:26.000,SYSTEM
302,"05-2025",NY,"3",47758399,1487021,48598553,1492995,48600545,1493006,97,1,2025-06-29 09:30:26.000,SYSTEM,2025-06-29 09:30:26.000,SYSTEM
303,"05-2025",OH,"3",1945066,36751,2061888,43720,2063603,43804,98,1,2025-06-29 09:30:26.000,SYSTEM,2025-06-29 09:30:26.000,SYSTEM
281,"05-2025",AR,"3",71827,2729,126768,3650,127397,3653,97,1,2025-06-29 09:30:26.000,SYSTEM,2025-06-29 09:30:26.000,SYSTEM
282,"05-2025",AZ,"3",22937,2597,22937,2597,22937,2597,90,1,2025-06-29 09:30:26.000,SYSTEM,2025-06-29 09:30:26.000,SYSTEM
283,"05-2025",CA,"3",8794313,285921,9487003,295601,9496779,297236,97,1,2025-06-29 09:30:26.000,SYSTEM,2025-06-29 09:30:26.000,SYSTEM
284,"05-2025",CO,"3",19235400,735565,20479100,858661,20537375,865880,96,1,2025-06-29 09:30:26.000,SYSTEM,2025-06-29 09:30:26.000,SYSTEM
285,"05-2025",CT,"3",2673713,42949,2692643,44121,2692643,44121,98,1,2025-06-29 09:30:26.000,SYSTEM,2025-06-29 09:30:26.000,SYSTEM
36,"03-2025",FL,"3",421159,12676,526396,14961,531855,15090,97,1,2025-06-29 07:38:07.000,SYSTEM,2025-06-29 07:38:07.000,SYSTEM
52,"03-2025",OH,"3",4328424,136139,4618837,150339,4618837,150339,97,1,2025-06-29 07:38:07.000,SYSTEM,2025-06-29 07:38:07.000,SYSTEM
34,"03-2025",CT,"3",3247896,22372,3258584,22400,3258584,22400,99,1,2025-06-29 07:38:07.000,SYSTEM,2025-06-29 07:38:07.000,SYSTEM
33,"03-2025",CO,"3",20849789,930826,24244310,1180820,24278584,1200794,95,1,2025-06-29 07:38:07.000,SYSTEM,2025-06-29 07:38:07.000,SYSTEM
32,"03-2025",CA,"3",8125618,397590,8599487,415891,8604326,415939,95,1,2025-06-29 07:38:07.000,SYSTEM,2025-06-29 07:38:07.000,SYSTEM
31,"03-2025",AR,"3",35639,4931,39249,5253,39373,5262,88,1,2025-06-29 07:38:07.000,SYSTEM,2025-06-29 07:38:07.000,SYSTEM
59,"03-2025",WV,"3",45895,18744,45921,18744,45921,18744,71,1,2025-06-29 07:38:07.000,SYSTEM,2025-06-29 07:38:07.000,SYSTEM
51,"03-2025",NY,"3",14237733,1156376,15462114,1192702,15462955,1192780,93,1,2025-06-29 07:38:07.000,SYSTEM,2025-06-29 07:38:07.000,SYSTEM
50,"03-2025",NV,"3",146433,1925,166320,3707,167768,3826,98,1,2025-06-29 07:38:07.000,SYSTEM,2025-06-29 07:38:07.000,SYSTEM
49,"03-2025",NJ,"3",390359,16084,460311,18541,476162,18700,96,1,2025-06-29 07:38:07.000,SYSTEM,2025-06-29 07:38:07.000,SYSTEM
48,"03-2025",NH,"3",273038,22687,273448,22687,273448,22687,92,1,2025-06-29 07:38:07.000,SYSTEM,2025-06-29 07:38:07.000,SYSTEM
47,"03-2025",NE,"3",13941,175,14377,206,14377,206,99,1,2025-06-29 07:38:07.000,SYSTEM,2025-06-29 07:38:07.000,SYSTEM
46,"03-2025",NATIONAL,"3",76231,31126,110690,42512,116927,51213,70,1,2025-06-29 07:38:07.000,SYSTEM,2025-06-29 07:38:07.000,SYSTEM
45,"03-2025",MO,"3",6509094,177178,6824512,180204,6824512,180204,97,1,2025-06-29 07:38:07.000,SYSTEM,2025-06-29 07:38:07.000,SYSTEM
44,"03-2025",ME,"3",425379,4008,440833,4008,440833,4008,99,1,2025-06-29 07:38:07.000,SYSTEM,2025-06-29 07:38:07.000,SYSTEM
43,"03-2025",MD,"3",246592,29570,248595,34114,254160,34834,88,1,2025-06-29 07:38:07.000,SYSTEM,2025-06-29 07:38:07.000,SYSTEM
42,"03-2025",LA,"3",24896,2833,26007,2833,28898,2837,91,1,2025-06-29 07:38:07.000,SYSTEM,2025-06-29 07:38:07.000,SYSTEM
41,"03-2025",KY,"3",1459397,272703,1596967,356042,1599482,356486,82,1,2025-06-29 07:38:07.000,SYSTEM,2025-06-29 07:38:07.000,SYSTEM
40,"03-2025",KS,"3",454218,5924,454218,5924,454218,5924,99,1,2025-06-29 07:38:07.000,SYSTEM,2025-06-29 07:38:07.000,SYSTEM
39,"03-2025",IN,"3",2370848,88176,2770976,109775,2890991,114156,96,1,2025-06-29 07:38:07.000,SYSTEM,2025-06-29 07:38:07.000,SYSTEM
38,"03-2025",IA,"3",367454,13228,375470,13803,375937,13804,96,1,2025-06-29 07:38:07.000,SYSTEM,2025-06-29 07:38:07.000,SYSTEM
37,"03-2025",GA,"3",1694397,54195,1866050,55554,1866539,55563,97,1,2025-06-29 07:38:07.000,SYSTEM,2025-06-29 07:38:07.000,SYSTEM
58,"03-2025",WNY,"3",15296,59,15296,59,15296,59,100,1,2025-06-29 07:38:07.000,SYSTEM,2025-06-29 07:38:07.000,SYSTEM
57,"03-2025",WI,"3",15644027,302047,18007888,350053,18285314,361897,98,1,2025-06-29 07:38:07.000,SYSTEM,2025-06-29 07:38:07.000,SYSTEM
56,"03-2025",WA,"3",964340,25478,1076942,27093,1077718,27214,98,1,2025-06-29 07:38:07.000,SYSTEM,2025-06-29 07:38:07.000,SYSTEM
55,"03-2025",VA,"3",3451769,284255,3933108,288369,4095942,289265,93,1,2025-06-29 07:38:07.000,SYSTEM,2025-06-29 07:38:07.000,SYSTEM
54,"03-2025",TX,"3",732290,12808,775461,14144,858688,14510,98,1,2025-06-29 07:38:07.000,SYSTEM,2025-06-29 07:38:07.000,SYSTEM
53,"03-2025",TN,"3",644315,15303,655486,16233,655486,16233,98,1,2025-06-29 07:38:07.000,SYSTEM,2025-06-29 07:38:07.000,SYSTEM
35,"03-2025",DC,"3",3387,100,4540,104,4540,104,98,1,2025-06-29 07:38:07.000,SYSTEM,2025-06-29 07:38:07.000,SYSTEM
29,"02-2025",WNY,"3",18986,764,19242,764,19242,764,96,1,2025-06-29 04:55:31.000,SYSTEM,2025-06-29 04:55:31.000,SYSTEM
28,"02-2025",WI,"3",12430713,212288,14824349,274841,14856327,280875,98,1,2025-06-29 04:55:31.000,SYSTEM,2025-06-29 04:55:31.000,SYSTEM
27,"02-2025",WA,"3",1724015,32681,1734220,32852,1735580,32858,98,1,2025-06-29 04:55:31.000,SYSTEM,2025-06-29 04:55:31.000,SYSTEM
26,"02-2025",VA,"3",1264299,67599,1409575,68656,1416045,68675,95,1,2025-06-29 04:55:31.000,SYSTEM,2025-06-29 04:55:31.000,SYSTEM
25,"02-2025",TX,"3",1404420,66193,1518822,69868,1555990,69972,96,1,2025-06-29 04:55:31.000,SYSTEM,2025-06-29 04:55:31.000,SYSTEM
24,"02-2025",TN,"3",850208,30620,863166,30763,863166,30763,97,1,2025-06-29 04:55:31.000,SYSTEM,2025-06-29 04:55:31.000,SYSTEM
23,"02-2025",OH,"3",5675218,198774,5920058,245843,5925384,245900,96,1,2025-06-29 04:55:31.000,SYSTEM,2025-06-29 04:55:31.000,SYSTEM
30,"02-2025",WV,"3",36088,5640,42800,5742,42800,5742,88,1,2025-06-29 04:55:31.000,SYSTEM,2025-06-29 04:55:31.000,SYSTEM
21,"02-2025",NV,"3",354934,24584,461554,34882,465867,34885,93,1,2025-06-29 04:55:30.000,SYSTEM,2025-06-29 04:55:30.000,SYSTEM
22,"02-2025",NY,"3",14508784,283882,15179877,306503,15200537,311366,98,1,2025-06-29 04:55:30.000,SYSTEM,2025-06-29 04:55:30.000,SYSTEM
19,"02-2025",NH,"3",384818,33852,406278,41755,406278,41755,91,1,2025-06-29 04:55:30.000,SYSTEM,2025-06-29 04:55:30.000,SYSTEM
18,"02-2025",NE,"3",2158,385,2158,385,2158,385,85,1,2025-06-29 04:55:30.000,SYSTEM,2025-06-29 04:55:30.000,SYSTEM
17,"02-2025",NATIONAL,"3",57129,15392,58498,16949,58876,16949,78,1,2025-06-29 04:55:30.000,SYSTEM,2025-06-29 04:55:30.000,SYSTEM
16,"02-2025",MO,"3",6018008,234899,6594120,284015,6614082,301455,96,1,2025-06-29 04:55:30.000,SYSTEM,2025-06-29 04:55:30.000,SYSTEM
15,"02-2025",ME,"3",301015,3210,301221,3210,301221,3210,99,1,2025-06-29 04:55:30.000,SYSTEM,2025-06-29 04:55:30.000,SYSTEM
14,"02-2025",MD,"3",73229,9582,74525,9582,74525,9582,89,1,2025-06-29 04:55:30.000,SYSTEM,2025-06-29 04:55:30.000,SYSTEM
13,"02-2025",LA,"3",52469,1503,82399,1576,100409,1618,98,1,2025-06-29 04:55:30.000,SYSTEM,2025-06-29 04:55:30.000,SYSTEM
12,"02-2025",KY,"3",2752696,162675,3227257,194371,3228848,194386,94,1,2025-06-29 04:55:30.000,SYSTEM,2025-06-29 04:55:30.000,SYSTEM
11,"02-2025",KS,"3",9829,198,9829,198,9829,198,98,1,2025-06-29 04:55:30.000,SYSTEM,2025-06-29 04:55:30.000,SYSTEM
10,"02-2025",IN,"3",3433179,339448,3666102,341447,3697137,344100,91,1,2025-06-29 04:55:30.000,SYSTEM,2025-06-29 04:55:30.000,SYSTEM
9,"02-2025",IA,"3",98949,4833,101084,4877,101084,4877,95,1,2025-06-29 04:55:30.000,SYSTEM,2025-06-29 04:55:30.000,SYSTEM
8,"02-2025",GA,"3",6270480,575242,6853050,633921,6862922,633939,92,1,2025-06-29 04:55:30.000,SYSTEM,2025-06-29 04:55:30.000,SYSTEM
7,"02-2025",FL,"3",425480,13103,444118,14487,448070,14490,97,1,2025-06-29 04:55:30.000,SYSTEM,2025-06-29 04:55:30.000,SYSTEM
6,"02-2025",DC,"3",77790,11631,85209,16993,88553,17496,84,1,2025-06-29 04:55:30.000,SYSTEM,2025-06-29 04:55:30.000,SYSTEM
5,"02-2025",CT,"3",1567404,31880,1603243,32142,1603243,32142,98,1,2025-06-29 04:55:30.000,SYSTEM,2025-06-29 04:55:30.000,SYSTEM
4,"02-2025",CO,"3",14341135,453827,15678712,494481,15723804,521874,97,1,2025-06-29 04:55:30.000,SYSTEM,2025-06-29 04:55:30.000,SYSTEM
3,"02-2025",CA,"3",8484663,670554,8961276,698835,8986849,701627,93,1,2025-06-29 04:55:30.000,SYSTEM,2025-06-29 04:55:30.000,SYSTEM
2,"02-2025",AZ,"3",27506,918,28260,992,28260,992,97,1,2025-06-29 04:55:30.000,SYSTEM,2025-06-29 04:55:30.000,SYSTEM
1,"02-2025",AR,"3",62009,3628,97209,4941,98666,4956,95,1,2025-06-29 04:55:30.000,SYSTEM,2025-06-29 04:55:30.000,SYSTEM
20,"02-2025",NJ,"3",375316,14098,423039,16820,434432,17786,96,1,2025-06-29 04:55:30.000,SYSTEM,2025-06-29 04:55:30.000,SYSTEM
